programming,deep-learning,physics,electronics
python-c-api,attention-is-all-you-need,optical-instrumentation,neuroelectronics
network-programming-with-c-and-pcap,deep-learning-backprop,gaussian-beams,fourier-analysis-of-digital-images
getting-started-with-c,regularization,mean-squared-displacement,frequency-response-of-an-rc-circuit
c-vs-python-bubble-sort-performance,information-theory-basics,localization-error,analog-impulse-response
how-to-install-c-kernel-in-jupyter,stochastic-gradient-descent,introduction-to-fast-fourier-transforms-fft,simulating-a-transformer-in-ltspice
,learning-theory,electric-and-magnetic-fields-in-a-dielectric-medium,solving-an-lrc-circuit
,fundamentals-of-deep-learning,characterizing-digital-ccdcmos-light-sensors,
,recurrent-neural-networks,brownian-motion-the-langevin-equation,
,a3c,electrodynamics-of-isotropic-media,
,alphabeta,photon-statistics,
,alphago,,
,alphastar,,
,backprop,,
,backprop2,,
,circuits,,
,classical,,
,cnns,,
,cnns2,,
,collapse,,
,contrastive,,
,ctc,,
,decoupling1,,
,dgms,,
,dgms1,,
,dgms2,,
,double,,
,dropout,,
,early,,
,early2,,
,edfslides,,
,einstein,,
,elbo,,
,flow,,
,frameworks,,
,fundamentals,,
,fundamentals2,,
,gans,,
,gans2,,
,gaussianrdas,,
,heat,,
,highway,,
,history,,
,implicit,,